informal,formal
aaaaak,ah
aaaahhh,ah
aaah,ah
aaahhhh,ah
aaamiiinnn,amin
aahhseeeek,asik
aalamiin,alami
aamiiin,amin
aamiin,amin 
aamiin,amin
abg,abang
abgmu,abangmu
abiiiss,habis
abistu,habis itu
abng,abang
ad,ada
adaa,ada
adaaa,ada
adaka,adakan
adapakah,ada apakah
addeh,ada deh
ade,adik
adek,adik 
adekgemas,adik gemas
adl,adalah
adlah,adalah
adlh,adalah 
adlh,adalah
adoeh,aduh
adoh,aduh
aduuu,aduh
ae,aja
aer,air 
aer,air
agam,agama
agk,agak
agr,agar
ahelah,ah alah
ahh,ah
ahhh,ah
ahhhhhhh,ah
ahir,akhir
aim,saya
aing,saya
aiskrim,es krim 
aj,saja 
aja,saja 
ajaa,aja
ajaaa,aja
ajaaaa,aja
ajaaaaah,aja
ajach,aja
ajah,saja 
ajalah,saja 
ajanihhh,aja nih
aje,saja 
aje,aja
ajee,aja
ajg,anjing
ajh,saja 
ajh,saja
ajha,aja
ajj,saja
ajja,aja
ak,saya 
ak,aku
akherat,akhirat
akhirnyaaaa,akhirnya
akhri,akhiri
akhrnya,akhirnya
akirnya,akhirnya
akn,akan
akoh,saya
akoh,aku
aksibelavia,aksi bela via
aktivkan,aktifkan
aku,saya
akuanggap,aku anggap
akugppkok,aku enggak apa-apa kok
akumah,aku mah
akumencintaimu,aku mencintaimu
akumencintamu,aku mencintaimu
akuny,akunya
akunyaaa,akunya
akutu,saya
akutuh,aku tuh
akuu,aku
akuuu,aku
akuuuu,aku
alamin,alami
alesan,alasan 
alesan,alasan
alesannya,alasannya
alh,alah
alhamdulilah,alhamdulillah
alhamdulillaaaaah,alhamdulillah
alhmdllh,alhamdulillah
allaaaaah,allah
allaaaahhh,alah
allaah,allah
allamah,alamah
alloh,allah
alm,alamat
almh,almarhum
am,sama
ama,sama 
amaaaaan,aman
amaca,ah masa
ambekin,ngambekin
ambilhah,ambilah
ame,sama
amiien,amin
amiin,amin
aminn,amin
aminnn,amin
amme,sama
amn,aman
amp,sampai
ampase,ampas
ampe,sampai
ampir,hampir
amrik,amerika
amuh,kamu
anakbola,anak bola
anakbujangku,anak bujangku
anakkkk,anak
anakkodok,anak kodok
anakkost,anak kos
anakperantauan,anak perantauan
ancur,hancur 
ancur,hancur
andaaa,anda
ane,saya 
ane,saya
anget,hangat 
anget,hangat
anggep,anggap
angkata,angkatan
angus,hangus
anjeng,anjing 
anjerrr,anjir
anjg,anjing
anjiang,anjing
anjiiing,anjing
anjiir,anjir
anjink,anjing
anjrit,anjir
anjrittt,anjir
ank,anak 
ank,anak
annya,tanya
ansormajusatubarisan,ansor maju satu barisan
anter,antar
anugrah,anugerah
anyiiiiing,anjing
anying,anjing
ap,apa
apaa,apa
apaaa,apa
apaansi,apaan sih
apadanya,apa adanya
apadaya,apa daya
apagga,apa enggak
apah,apa 
apah,apa
apakabar,apa kabar
apal,hafal
apalagai,apa lagi
apalgi,apa lagi
apalin,hapalin
apan,apaan
apansi,apaan sih
apasaja,apa saja
apasih,apa sih
apatuh,apa itu
apaya,apa ya
aph,apa
aplg,apa lagi
aplgi,apa lagi
aplkasinya,aplikasinya
apo,apa 
apose,apa
aposeee,apa sih
apus,hapus
apz,apa
aq,saya
aque,aku
arepin,harapin
artidjo,artinya
artine,artinya 
asek,asik 
asekkk,asik
aseli,asli
asem,asam
aseng,asing
asikahan,asikan
asliii,asli
aslipati,asli pati
astagaaaaaa,astaga
astagaaaaaahhh,astaga
astagah,astaga
asyik,asik
ataauuu,atau
ati2,hati-hati 
atiii,hati
atit,sakit 
atlite,atlit
atu,satu 
atulah,itulah
atw,atau 
atw,atau
auk,tau
automatik,otomatis
ava,apa sih
awat,mengapa
awlnya,awalnya
ay,sayang
aya,saya
ayang,sayang 
ayodong,ayo dong
ayok,ayo
ayomembaca,ayo membaca
ayoramaikantengananfestival,ayo ramaikan tenganan festival
ayuk,ayo 
ayuka,ayo kak
azhan,azan
azhar,ashar
babang,abang
babihutan,babi hutan
bacabuku,baca buku
baco,baso
bacod,bacot
badag,badak
bae,baik 
bae,baik
baee,baik
baeek,baik
baekho,baik kok
bagaiman,bagaimana
bagainmanapun,bagaimanapun
bagay,bagai
baghai,bagai
bagimana,bagaimana
bagooossssss,bagus
bahagya,bahagia
bahasaarab,bahasa arab
baikk,baik
baikkkkk,baik
baiq,baik
bais,habis
bakalan,akan 
bakulkuliner,bakul kuliner
baladaanakdaerah,balada anak daerah
balek,balik
bales,balas 
bales,balas
balesannya,balasannya
balesin,balasin
balesnya,balasnya
bandingin,bandingkan 
bandungbersepeda,bandung bersepeda
bange,banget
bangeeeeeettt,banget
bangeeeet,banget
bangeeeettt,banget
bangeeet,banget
bangeet,banget
banget,sekali 
banget,sangat
bangets,banget
bangetsih,banget sih
bangett,sangat 
bangett,banget
bangettt,banget
bangetttt,banget
bangetttttt,banget
banggamengawalmu,bangga mengawalmu
banggan,bangga
bangke,bangkai
bangsaaaaat,bangsat
bangsaaat,bangsat
bangtan,bangetan
bangung,bangun
bankmandiri,bank mandiri
banya,banyak
banyaaak,banyak
banyakin,perbanyak 
bapaaakk,bapak
baperlevelcupu,bawa perasaan level cupu
barangkt,berangkat
barengan,bersamaan 
barunikah,baru nikah
baruuuu,baru
baryaw,sabar ya
baso,bakso 
bat,banget
bathin,batin
batre,batere
batrei,batere
batrenya,baterainya
bawaannye,bawaannya
bay,selamat tinggal
bazarpesonamudiklebaran,bazar pesona mudik lebaran
bberapa,beberapa 
bbrapa,beberapa
bbri,bank bri
bbrp,beberapa 
bbrp,beberapa
bbrpa,beberapa
bc,baca 
bcs,bisa 
bct,bicara 
bdan,badan 
bdg,bandung 
bdn,badan 
bdua,berdua
bebenah,berbenah
beburu,buru
becanda,bercanda 
becanda,bercanda
becandaan,bercandaan
bedaa,beda
bedahrumahibuiriyani,bedah rumah ibu iriyani
bedua,berdua 
beett,banget
bege,bego
begichu,begitulah
begicu,begitu
bego,bodoh 
begok,bego
begoloe,bego lu
bejad,bejat
bejarak,berjarak
bejuang,berjuang
bejubelan,berjubelan
bejuta,berjuta
bekecukupan,berkecukupan
bekel,bekal 
belanjaaaaa,belanja
belanjaitugakribet,belanja itu enggak ribet
beliu,beli
belom,belum 
belon,belum 
bene,notabene
bener,benar 
bener,benar
bener2,benar-benar 
beneran,benar 
beneran,benaran
benerin,benarin
benerrr,benar
berag,berak
berangkt,berangkat
berantem,bertengkar 
berda,berada
berendem,berendam
berenti,berhenti 
beress,beres
berfikir,berpikir
berhalam,berhalaman
berigizicukup,beri gizi cukup
berikanlh,berikanlah
berkeliarab,berkeliaran
berlajar,belajar
berlku,berlaku
bermnfaat,bermanfaat
berngkat,berangkat
berpandapat,berpendapat
bersamakuu,bersamaku
bersebrangan,berseberangan
bersodara,bersaudara
berterimakasih,berterima kasih
besoq,besok
bete,sebal 
betpa,betapa
bett,banget
beud,banget
beuh,beh
bg,bagi 
bgd,sangat 
bgd,banget
bget,sangat 
bget,banget
bgini,begini 
bgitu,begitu 
bgitu,begitu
bgks,bungkus 
bgm,bagaimana 
bgmn,bagaimana 
bgmn,bagaimana
bgn,bangun 
bgn,bangun
bgni,begini 
bgntdr,bangun tidur 
bgs,bagus 
bgsd,bangsat
bgst,bagus sopan terpelajar
bgt,sangat 
bgt,sangat
bgtt,banget
bgttt,banget
bgtu,begitu 
bgtu,begitu
bgtulah,begitulah
bgus,bagus 
bhagia,bahagia
bhakti,bakti
bhay,selamat tinggal
bhkan,bahkan
bhkn,bahkan
bhn,bahan 
bhn,bahan
bhs,bahas 
bhs,bahasa
bhsa,bahasa
bhw,bahwa 
bhw,bahwa
bhwa,bahwa
bhy,bahaya 
biarine,biarin
biarpum,biarpun
bicah,bocah
bih,bibi
biikin,bikin
bijakberplastik,bijak berplastik
bikij,bikin
billang,bilang
bingit,banget
bingitt,banget
bisaa,bisa 
bisaaa,bisa
bisabisanya,bisa-bisanya
bisya,bisa
biza,bisa
bj,baju 
bju,baju 
bjuang,berjuang
bk,buku 
bk,buka
bkan,bukan 
bkan,bukan
bkin,bikin 
bkin,bikin
bkl,bakal 
bkl,bakal
bkn,bukan 
bkn,bukan
bknnya,bukannya
bkr,bakar 
bks,bungkus 
bl,beli 
blajar,belajar 
blan,bulan
ble,boleh
blek,geblek
bles,balas
blg,bilang 
blg,bilang
blh,boleh 
blh,boleh
bli,beli 
bli,beli
blik,balik 
bljr,belajar 
bljr,belajar
blk,balik 
blk,balik
blkang,belakang
blkg,belakang 
blkg,belakang
blkng,belakang 
blkng,belakang
blkngny,belakangnya 
blm,belum 
blm,belum
bln,bulan 
bln,bulan
blng,bilang 
blng,bilang
blngn,bilang 
blokm,blok m
blom,belum 
blom,belum
bls,balas 
bls,balas
blum,belum 
bnda,benda
bndg,bandung 
bndr,bandar 
bner,benar 
bner,benar
bneran,benar 
bnget,sangat 
bnget,banget
bngks,bungkus 
bngng,bingung 
bngsat,bangsat
bngst,bangsat
bngt,sangat 
bngt,banget
bngun,bangun 
bnr,benar 
bnr,benar
bnrbnr,benar-benar 
bnrbnr,benar-benar
bnrn,benar 
bnrn,benaran
bntar,sebentar 
bntr,sebentar 
bntr,sebentar
bntuanx,bantuan kali
bny,banyak
bnyak,banyak 
bnyk,banyak 
bnyk,banyak
bnykn,banyakan
bnykny,banyaknya 
bnyknya,banyaknya
bobo,tidur 
bobok,tidur 
bobotohsaalamdunya,bobotoh salam dunia
bocil,bocah cilik
bodo,bodoh
bodoamat,bodoh amat
bodohnyakan,bodohnya
bokap,ayah 
bolakbalik,bolak-balik
bole,boleh 
bondonekat,bondo nekat
bonek,bocah nekat
bonekjancuk,bocah nekat jancuk
bonekselamanyajancok,bocah nekat selamanya jancuk
bongakkk,bongak
boong,bohong 
boong,bohong
boongan,bohongan
boongin,bohongin
bosen,bosan 
bosen,bosan
bosque,bos aku
botakndut,botak gendut
bpk,bapak 
bpk,bapak
br,baru
brangkat,berangkat
brani,berani 
braniin,beraniin
braninya,beraninya
brapa,berapa 
brarti,berarti 
brasa,berasa 
brasa,berasa
brati,berarti
brbeda,berbeda
breng,bareng
brg,barang 
brg,barang
brgkt,berangkat 
brgkt,berangkat
brgny,barangnya
brhak,berhak
brhnti,berhenti
brhsl,berhasil 
brikan,berikan
brikut,berikut
brisik,berisik
brjln,berjalan 
brkfst,breakfast 
brkt,berikut
brlmpah,berlimpah
brmslh,bermasalah 
brng,barang
brngkt,berangkat 
brnilai,bernilai
brondong,berondong
brp,berapa 
brp,berapa
brpa,berapa 
brpa,berapa
brpapasan,berpapasan
brppun,berapapun
brrt,berarti
brrti,berarti 
brrti,berarti
brs,beres 
brsama,bersama
brshbt,bersahabat 
brsm,bersama 
brthn,bertahan 
brtmn,berteman 
brtobat,bertobat
bru,baru 
bru,baru
brubah,berubah
brusaha,berusaha
brusan,barusan
brwl,berawal
bs,bisa 
bs,bisa
bsa,bisa 
bsa,bisa
bsk,besok 
bsk,besok
bsok,besok 
bsoq,besok
bsr,besar 
bterai,batere
btg,batang 
bth,butuh 
btl,betul 
btsnya,batasnya
btul,betul 
buad,buat 
buatin,buatkan 
bubarkanpks,bubarkan pks
bucin,budak cinta
budeg,budek
budha,buddha
budiirrr,bunuh diri
bujet,buset
bukaaa,buka
bukbermendesa,buka bersama mendesa
bukugariswaktu,buku garis waktu
bulanbungkarno,bulan bung karno
bulcit,omong kosong
bumidatar,bumi datar
bun,bunda
bw,bawa 
bw,bawa
bwa,bawa 
bwa,bawa
bwh,bawah 
bwh,bawah
bwt,buat 
bwt,buat
byasanya,biasanya
byk,banyak 
byk,banyak
bynk,banyak 
byr,bayar 
byr,bayar
cabal,sabar 
cabut,pergi
cahya,cahaya
caiank,sayang
cakep,cakap 
cakilrakyat,wakil rakyat
calonpenghunineraka,calon penghuni neraka
calonyaaahh,calonya
canteeeekk,cantik
cantikkk,cantik
caoer,caper
cape,capai 
cape,lelah
capek,capai 
carin,cariin
carmuk,cari muka
catatanperjalanan,catatan perjalanan
catet,catat 
catetnya,catatnya
cawapresny,cawapresnya
cayanggg,sayang
cb,coba 
ceck,cek
cedih,sedih
cekola,sekolah
cekolah,sekolah
celah,masih tentang juni
celalaw,selalu
celalu,selalu
celotehreceh,celoteh receh
cemburuuuuu,cemburu
cemungudh,semangat
cemungut,semangat
cemunguth,semangat
cepet,cepat 
cepet,cepat
ceritahariini,cerita hari ini
ceritakaa,ceritakan
ceritakemarinsore,cerita kemarin sore
certnya,ceritanya
cetera,cerita
cew,cewek
cewe,cewek 
cewe,cewek
cewenya,ceweknya
cian,kasihan
cibuq,sibuk
ciee,cie
cikk,cik
cil,kecil
cini,sini
cinlok,cinta lokasi
cint,cinta
cintaa,cinta
cintaaa,cinta
cintaaaa,cinta
cintaaaaa,cinta
cintad,cinta 
cintaee,cinta
cintas,cinta
citacita,cita-cita
ciwi,cewek
ciyus,serius
ckp,cukup 
ckp,cakep
ckrg,sekarang 
ckup,cukup 
cll,selalu
cllu,selalu
cllw,selalu
cln,caloon
cm,cuma 
cma,cuma 
cma,Cuma
cman,hanya 
cmburu,cemburu
cmn,hanya 
cmn,cuman
cmpk,cempaka 
cobaa,coba 
cobaaa,coba
coeg,jancuk 
cok,cuk
cooy,coi
copetnyaaahh,copetnya
coto,soto
cowo,cowok 
cowo,cowok
cpat,cepat 
cpe,capek
cpee,capek
cpet,cepat 
cpt,cepat 
cpt,cepat
cptn,cepatan 
cr,cari
cret,coret
crt,cerita 
cth,contoh 
cucidarahnya,cuci darahnya
cug,jancuk 
cujup,cukup
cuk,jancuk 
cukupcukup,cukup-cukup
cuman,hanya
cuman,cuma
cungguh,sungguh 
curcol,curhat colongan
curhatanpenuh,curhatan penuh
curhatvan,curhatan
curht,curhat
cuuk,cuk
cw,cewek 
cw,cewek
cwe,cewek 
cwek,cewek
cwo,cowok 
cwonya,cowoknya
cyang,sayang 
da,ada
daaan,dan
dafam,dalam
dah,sudah 
dah,sudah
dahh,udah
dahsyah,dahsyat
daku,aku
dalamhati,dalam hati
dalem,dalam 
dalem,dalam
dalm,dalam
dandut,dangdut
danielsayang,daniel sayang
dapa,ada apa
dapah,ada apa
dapet,dapat 
dapet,dapat
dapetin,mendapatkan 
dapetin,dapatin
dapetinnya,dapatinnya
dapetnya,dapatnya
daptar,daftar
dar,dari
darencintafeyca,daren cinta feyca
darimana,dari mana
dasarrr,dasar
dasyatnya,dahsyatnya
dateng,datang 
dateng,datang
datenganya,datangnya
datengin,datangin
datengnya,datangnya
dbatalin,dibatalin
dberkahi,diberkahi 
dblg,dibilang 
dblkng,dibelakang 
dbls,dibalas 
dbwt,dibuat 
dbyr,dibayar 
dda,ada
ddk,dedek
ddpn,di depan
de,deh 
dea,dia
dech,deh
deeh,deh
degdegann,deg-degan
dehh,deh
dehhh,deh
dekeeeet,dekat
deketin,dekatin
deketnya,dekatnya
demen,suka 
dendem,dendam
deng,dengan
denger,dengar 
denger,dengar
dengerin,dengar
dengernya,dengarnya
denki,dengki
depn,depan
dept,departemen
deres,deras 
deres,deras
desaigner,desainer
deteksidinihepatitis,deteksi dini hepatitis
dewe,sendiri
dftr,daftar 
dftr,daftar
dg,dengan 
dg,dengan
dgn,dengan 
dgn,dengan
dgnmu,denganmu
dgnnya,dengannya
dgr,dengar 
dgr,dengar
dgrin,dengarin
dgrn,dengarin 
dh,deh 
dh,sudah
diaa,dia
diaaa,dia
diabisin,dihabisin
dianggep,dianggap
dibales,dibalas
dibalesnya,dibalasnya
dibanguninnya,dibanguninnya
dibekelin,dibekalin
dibenerin,dibenarin
dibiarin,dibiarkan
dibikinasikaja,dibikin asik aja
dibuangsayang,dibuang sayang
dicatet,dicatat
didasarkn,berdasarkan
dideketin,didekatin
didenger,didengar 
didengerin,didengarkan 
didengerin,didengarin
didiemin,didiamin
didlm,di dalam
didpan,didepan
die,dia
diem,diam 
dieprbaiki,diperbaiki
dihub,dihubungi
dii,di
diiiiiiiiiih,dih
diingetin,diingatin
diingetinnya,diingatinnya
diinginkannn,diinginkan
diinginkn,diinginkan
diitung,dihitung
dijadiin,dijadikan 
dijakarta,di jakarta
dijalam,di jalan
dik,adik
dikasitau,dikasih tau
dikeluarka,dikeluarkan
dikit,sedikit 
diksar,pendidikan dasar
diksarlin,dikasarin
dilahirkanya,dilahirkannya
dilakukam,dilakukan
diliatin,dilihatin
dilu,dulu
dimaapin,dimaafin
dimamam,dimakan
dimance,dimana
dimandose,dimana
dimane,di mana
dimanjahhh,dimanja
dimans,dimana
dinihari,dini hari
dinkes,dinas kesehatan
dinyirnyirin,dinyinyirin
dipake,dipakai 
dipake,dipakai
dipakein,dipakain
dipapua,di papua
dipendem,dipendam 
dipengenin,dipenginin
dipermasalahakan,dipermasalahkan
dipijet,dipijat
dipinjem,dipinjam
dipiusi,dibiusi
diputarbalikan,diputar balikkan
dirasakn,dirasakan
diridloi,diri lu
dirisendiri,diri sendiri
dirmh,di rumah 
disaan,disaat
disayaaaang,disayang
disayangkn,disayangkan
disbutkan,disebutkan
disebrang,diseberang
disimpen,disimpan
disingkron,disinkron
disiniiii,di sini
diskus,diskusi
dislngkuhin,diselingkuhin
disni,di sini
disosmed,di sosial media
displin,disiplin
ditanba,ditambah
ditanggepin,ditanggapin
ditanyaa,ditanya
ditegor,ditegur
ditelp,ditelepon
ditemenin,ditemani 
ditemenin,ditemanin
diterimah,diterima
ditny,ditanya
dittd,ditanda tangan
divhumas,divisi hubungan masyarakat
diwartel,di wartel
djkt,di jakarta 
djl,di jalan 
djln,di jalan 
djokowie,jokowi
dkat,dekat 
dket,dekat 
dkit,sedikit
dkk,dan kawan-kawan
dkls,di kelas 
dkmps,di kampus 
dkmr,di kamar 
dkntr,di kantor 
dkomplen,dikomplain
dksh,dikasih 
dksh,dikasih
dkshnya,dikasihnya
dkt,dekat 
dkt,dekat
dktnya,dekatnya
dl,dulu 
dl,dulu
dlam,dalam
dlem,dalam
dll,dan lain
dll,dan lain-lain
dlm,dalam 
dlm,dalam
dlmnya,dalamnya
dlrng,dilarang 
dlu,dulu 
dlu,dulu
dluan,duluan 
dmana,dimana 
dmkn,dimakan 
dmn,dimana 
dmn,di mana
dmna,dimana 
dmna,di mana
dmnmn,dimana-mana 
dmny,dimananya 
dng,dengan 
dng,dengan
dngar,dengar 
dnger,dengar 
dngerin,dengar 
dngerin,dengarin
dngn,dengan 
dngn,dengan
dngr,dengar 
doang,saja 
doank,saja 
doank,doang
doanng,doang
dobeeel,dobel
dodonk,dodong
dok,dokter
dolo,dulu
doloe,dulu
dongg,dong
dongss,dong
donk,dong
donlot,download 
donlot,unduh
dooong,dong
dosenny,dosennya
dospem,dosen pembimbing
dosponsori,disponsori
doyan,suka 
dp,daripada
dpan,depan 
dpet,dapat 
dpet,dapat
dpk,depok 
dpkrkn,dipikirkan 
dpn,depan 
dpn,depan
dpnrmh,depan rumah 
dprd,daripada
dprri,DPR-RI
dpt,dapat 
dpt,dapat
dptkan,dapatkan
dr,dari 
dr,dari
drasakn,dirasakan
drespon,direspon
drg,dokter gigi 
drh,darah 
dri,dari 
dri,dari
drimu,dirimu
drku,diriku
drmh,di rumah 
drmh,di rumah
drmn,darimana 
drngan,dorongan
drpd,daripada 
drpd,daripada
drpda,daripada
drtd,dari tadi
drtd,daritadi
drumah,di rumah
dsampaikn,disampaikan
dsar,dasar
dsarny,dasarnya
dsb,dan sebagainya
dsblh,di sebelah
dsbnya,dan sebagainya
dsini,disini 
dsklh,di sekolah
dsni,di sini
dst,dan seterusnya
dsuruh,dirusuh
dtabung,ditabung
dtang,datang
dtg,datang 
dtg,datang
dtgny,datangnya 
dtk,detik
dtmbh,ditambah 
dtmpt,di tempat
dtng,datang 
dtng,datang
dtunggu,ditunggu
dude,duda
dudeeee,duda
dueg,duet
duh,aduh
duhhh,aduh
dukumen,dokumen
dukungbersama,dukung bersama
duluuuu,dulu
duluw,dulu
duuh,duh
duwit,duit
dy,dia 
dy,dia
dzolimi,dizolimi
ea,ya
eallaaaah,alah
ebuset,eh buset
edasr,eh dasar
ediot,idiot
eehh,ej
eehhh,eh
eeq,feses 
efekgabisatidur,efek enggak bisa tidur
efekkebanyaknbacanovel,efek kebanyakan baca novel
efeklaparjuga,efek lapar juga
efeklgdatengtamu,efek lagi datang tamu
eforia,euforia
egi,pergi
egp,emang gue pikirin
ehh,eh
ehhh,eh
eike,saya
ekpresif,ekspresif
ekspress,ekspress
ekstrakulikuler,ekstrakurikuler
elaah,alah
elah,alah
elo,kamu 
elo,lu
eloh,lu
elu,lu
emamg,emang
eman,emang
emang,memang 
emang,memang
emanggg,memang
emangny,emangnya
emangnya,memangnya 
emank,memang 
embul,gembul
emg,memang 
emg,memang
emmm,em
emng,memang 
emng,emang
emoshi,emosi
ena,enak
enaaak,enak
enaq,enak
eneg,enek
enga,enggak
engga,tidak 
engga,enggak
enggaa,enggak
enggaaaaaaa,enggak
enggak,tidak 
enggk,enggak
enk,enak 
ensenang,senang
ensenangbandung,senang bandung
entar,nanti 
ente,anda 
ente,anda
ep,episode
eps,episode 
eps,episod
erbatas,terbatas
erti,mengerti
esbuah,es buah
eskrim,es krim
esmosi,emosi
esok,besok
esq,esku
etapi,tetapi
etaunya,eh taunya
eteb,bosan
etik,ketik
etttaaann,setan
eug,saya
eug,uh
faham,paham 
faham,paham
farah,parah
farfumm,parfum
fatamorganaaaaaaa,fatamorgana
fav,favorit
fave,favorit
fb,facebook 
fikrikan,pikirkan
fui,itu
g,tidak
ga,tidak 
ga,tidak
gaada,tidak ada
gabakal,enggak bakal
gabakat,tidak bakat
gabanget,enggak banget
gaberani,tidak berani
gaberner,tidak benar
gabetah,enggak betah
gabisa,tidak bisa
gabohong,enggak bohong
gaboleh,tidak boleh
gabrani,enggak berani
gabut,menganggur
gabutuh,enggak butuh
gacocok,enggak cocok
gacukup,enggak cukup
gada,tidak ada
gadapat,tidak dapat
gadapet,tidak dapat
gadengerin,enggak dengarin
gadibaless,enggak dibalas
gaenak,tidak enak
gajadi,tidak jadi
gajasdi,tidak jadi
gajelas,tidak jelas
gak,tidak 
gak,tidak
gakcuma,enggak Cuma
gakenal,tidak kenal
gakuat,tidak kuat
gakusah,enggak usah
gakz,tidak
galaoooo,galau
galfok,gagal fokus
galo,galau 
gamasuk,tidak masuk
gamau,tidak mau
game,gim
gamo,tidak mau
gancit,gandaria city
gangapa,enggak apa
gangu,ganggu
ganiat,tidak niat
gantipresiden,ganti presiden
gapada,enggak pada
gapaham,tidak paham
gapake,tidak pakai
gapakek,tidak pakai
gapapa,tidak apa-apa
gapapa,tidak apa
gapapaaaa,tidak apa- apa
gapeduli,tidak peduli
gapenting,tidak penting
gaperlu,tidak perlu
gapernah,tidak pernah
gapunya,tidak punya
gapunyaa,tidak punya
gapuro,gapura
garem,garam 
gasabar,enggak sabar
gasabaran,enggak sabaran
gasampe,tidak sampai
gasih,tidak sih
gasuka,tidak suka
gasukak,tidak suka
gatahan,tidak tahan
gatakut,enggak takut
gatau,tidak tahu
gatau,tidak tau
gatausih,enggak tau sih
gataw,tidak tahu
gatel,gatal 
gatel,gatal
gatenang,enggak tenang
gausa,tidak usah
gausah,tidak usah
gawe,kerja 
gblk,goblok
gbr,gambar 
gbs,tidak bisa
gdg,gudang 
gedebugan,gedebukan
gedeg,gedek
gederasa,gede rasa
gegara,gara-gara
geginian,beginian
geh,gue
gela,gila
gelaa,gila
gelaaaa,gila
gelak,gila sih
gemash,gemas
gembel,jelek 
gemeees,gemas
gemes,gemas
gemesh,gemas
gemeshhh,gemas
gemesim,gemasinnya
gemesinnya,gemasinnya
gemesssss,gemas
gemessssss,gemas
gemeter,gemetar
gempaliterasi,gempa literasi
genarasi,generasi
generasiantikorupsi,generasi anti korupsi
generasijaguar,generasi jaguar
gengges,ganggu
gerakn,gerakan
geto,gitu
gewlaaaaa,gila
gga,enggak
ggl,gagal
ghibah,gibah
ghiy,lagi
gi,lagi
gi,pergi
gicuuuuu,gitu
giihh,gih
gilak,gila 
gilani,gila nih
gilasehhhh,gila sih
gilasih,gila sih
gile,gila 
gile,gila
gilingaaaan,gilingan
gilirah,giliran
gils,gila nih
gilsssss,gila
gimana,bagaimana
gimanaa,gimana
gimanaaa,gimana
gimanaaaaaaaaa,gimana
gimanapun,bagaimanapun
gimanasi,bagaimana sih
gimanayaa,gimana ya
gimane,gimana
gimmik,gimik
gin,gini
ginidah,gini dah
giniehh,gini
gitu,begitu 
gituajaterus,gitu aja terus
gituan,begitu 
gituh,begitu 
gituin,itu 
gitulo,gitu
gitumah,gitu
gitunya,segitunya
gituu,gitu
gituuuu,gitu
gj,tidak jelas
gk,tidak 
gk,gak 
gk,tidak
gliran,giliran
gmana,bagaimana 
gmana,bagaimana
gmarahti,enggak marah tuh
gmau,tidak mau
gmbira,gembira
gmbr,gambar 
gmbr,gambar
gmn,bagaimana 
gmn,bagaimana
gmna,bagaimana 
gmna,bagaimana
gmpg,gampang 
gmpng,gampang 
gn,guna
gni,begini 
gni,gini
gnti,ganti 
gnti,ganti
goa,gua
goblik,goblok
goblo,goblok
goblog,goblok
goblox,goblok
govlok,goblok
govlox,goblok
gowesnusantara,gowes nusantara
gpny,tidak punya
gpp,tidak apa-apa
gpp,tidak apa apa
gpp,tidak apa
gppa,tidak apa-apa
gprnh,tidak pernah
gr,gede rasa
gr2,gara-gara 
gra,gara
grasak,grasah-grusuh
gratisan,gratis 
grgr,gara-gara
grusuk,grasah-grusuh
gt,begitu 
gt,gitu
gtau,enggak tau
gtttt,gitu
gtu,begitu 
gtu,gitu
gtw,tidak tahu
gua,saya 
guaa,gue
guaaa,gue
guaaaa,gue
gub,gubernur
gue,saya 
gue,saya
guee,gue
gueee,gue
gueeeee,gue
gueh,gue
gunana,guna
gununggede,gunung gede
gunungkidul,gunung kidul
guwah,gue
guweh,gue
guwoblok,goblok
gw,saya 
gw,saya
gw,gue
gws,get well soon
gx,tidak
haaaa,halo ha
hadeee,aduh
hadeehh,aduh
hadeehhh,aduh
hadeh,aduh 
hadeh,aduh
hadepin,hadapin
hadeuh,aduh
hadiahperasaan,hadiah perasaan
hadist,hadis
haduh,aduh
haduu,aduh
hadweehhh,aduh
haiii,hai
hakcipta,hak cipta
halaaah,alah
halaaahh,alah
halah,alah
halohaa,halo ha
haloo,halo
halooo,halo
halu,halusinasi
hamdulilah,alhamdulillah
hany,hanya
hapal,hafal
hapy,senang
haqq,hakiki 
hargain,hargai 
harianaknasional,hari anak nasional
harijaditwittersaya,hari jadi twitter saya
harilingkunganhidupsedunia,hari lingkungan hidup sedunia
harini,hari ini
haroooom,harum
harua,harus
hatiyangcukupdalam,hati yang cukup dalam
hawatir,khawatir
hayah,payah
hayolo,hayo lu
hayuk,ayuk
hazeeek,asik
hbd,happy birthday
hbis,habis 
hbng,hubungi 
hbs,habis 
hbskn,habiskan 
hdhhh,aduh
hdpku,hidupku
hdup,hidup
hebatt,hebat
hebattt,hebat
hedeh,aduh
heee,he
heii,hei
heiii,hei
heiiii,hei
helo,halo 
hentikanacarapembodohan,hentikan acara pembodohan
hepi,senang
heters,pembenci 
hg,hingga
hiduplo,hidup lu
hidupne,hidupnya
hidupque,hidupku
hiiiyyy,hai
hinggal,hingga
hkm,hukum
hlah,alah
hlg,hilang 
hlm,halaman 
hlmn,halaman 
hngg,hingga
hnti,henti
hny,hanya 
hny,hanya
hnya,hanya
hnyalah,hanyalah
hoak,hoaks
hoax,hoaks
hoek,hoaks
hoh,oh
hooh,oh
hoohh,oh
hqq,hakiki 
hqq,hakiki
hr,hari 
hr,hari
hrg,harga 
hrganya,harganya
hrgny,harganya 
hri,hari 
hri,hari
hrs,harus 
hrs,harus
hrsny,harusnya 
hrsnya,harusnya
hrus,harus 
hrus,harus
hsil,hasil
hsl,hasil
hti,hati 
hti,hati
hub,hubung
hujuuung,ujung
hums,rumah
humz,rumah
huuhhh,uh
huum,iya
hyeri,nyeri
iaitu,iya itu
ibarate,ibarat
ibdah,ibadah
ibubapa,ibu bapa
ibuibu,ibu-ibu
ibuk,ibu
iccu,itu
icut,ikut
idiiot,idiot 
idung,hidung
idup,hidup
iednya,idenya
ihh,ih
iihhh,ih
iiikancut,ih kancut
ikhlaaaassss,ikhlas
iklas,ikhlas
ikud,ikut
ikutttt,ikut
ilang,hilang
ilangin,hilangin
ilangnya,hilangnya
ily,saya cinta kamu 
ind,indonesia
indon,indonesia
indonesiabersepeda,indonesia bersepeda
indonesiamitosnya,indonesia mitosnya
informa,informasi
infosekitarkudus,info sekitar kudus
ingattt,ingat
inget,ingat 
inget,ingat
ingetin,ingatkan 
ingetin,ingatin
ingetnya,ingatnya
ingget,ingat
ingt,ingat 
inih,ini
inihhh,ini
iniserius,ini serius
iniso,ini sih
innalillahi,innalillahi wa innailaihirojiun
inshaaallah,insyaallah
inshaallaah,insyaallah
inshaallah,insyaallah
inshallah,insyaallah
insom,insomnia
insya,insyaallah
intinyanya,intinya
introprksi,introspeksi
inysllh,insyaallah
islamselamatkannegeri,islam selamatkan negeri
issuu,isu
istiqomahjokowi,istiqomah jokowi
istirahatt,istirahat
istrht,istirahat 
istrnya,istrinya
item,hitam 
item,hitam
ituh,itu
ituloh,itu loh
itumah,itu 
itupu,itupun
ituu,itu 
ituu,itu
ituuuu,itu
iy,iya 
iy,iya
iyaa,iya
iyaaa,iya
iyaaaa,iya kan
iyach,iya
iyah,iya
iyain,mengiyakan 
iyainajabiarcepet,iyain aja biar cepat
iyaiya,iya
iyap,iya
iyapz,iya
iye,iya
iyee,iya
iyoo,iya 
iyup,iya
iyupz,iya
ja,aja
jaaah,yah
jadibisa,jadi bisa
jadigalau,jadi galau
jadiiii,jadi
jadiin,jadi 
jadilebihbaik,jadi lebih baik
jadin,jadi
jadull,jadul 
jagad,jagat
jak,aja
jaktim,jakarta timur
jamber,jam berapa
jamberapa,jam berapa
jampe,jampi
jancoeg,jancuk 
jancok,persetan
janganbullyaku,jangan bully aku
janganlupabahagia,jangan lupa bahagia
janganlupabersyukur,jangan lupa bersyukur
janganpergi,jangan pergi
janganpilihpartaioposan,jangan pilih partai oplosan
janjibila,janji bila
jaranggg,jarang
jatengdaruratkorupsi,jawa tengah darurat korupsi
jatengsaruratkorupsi,jawa tengah darurat korupsi
jatih,jatuh
jatimpilihgusipulputi,jawa timur pilih gusipulputi
jatoh,jatuh 
jatoh,jatuh
jatohnya,jatuhnya
jauuh,jauh
jauuhh,jauh
jauuuuh,jauh
jawabanya,jawabannya 
jawabanya,jawabannya
jbtn,jabatan
jd,jadi 
jd,jadi
jdi,jadi 
jdi,jadi
jdny,jadinya 
jdnya,jadinya 
jdnya,jadinya
jdwl,jadwal 
je,aja
jejeritan,jeritan
jeket,jaket
jelajahdesa,jelajah desa
jelasss,jelas
jele,jelek
jem,jam 
jg,juga 
jg,juga
jga,juga 
jga,juga
jgan,jangan 
jgkel,jengekl
jglh,jagalah 
jgn,jangan 
jgn,jangan
jgnjgn,jangan-jangan 
jidatmunaaaay,jidatmu nay
jik,jijik
jing,anjing 
jink,anjing 
jk,jika 
jkrt,jakarta 
jkrta,jakarta
jkt,jakarta 
jkt,jakarta
jkw,jokowi
jl,jalan 
jl,jalan
jln,jalan 
jln,jalan
jlnnya,jalannya
jls,jelas
jm,jam 
jman,jaman
jmbtn,jembatan 
jml,jumlah 
jmlh,jumlah 
jmpt,jemput 
jmt,jumat 
jng,jangan 
jng,jangan
jngan,jangan 
jngan,jangan
jngn,jangan 
jngn,jangan
jnjiku,janjiku
joged,joget
jokowibersamarakyat,jokowi bersama rakyat
jokowimembangunindonesia,jokowi membangun indonesia
jokowisekalilagi,jokowi sekali lagi
jombs,jomblo
jpn,jepang 
jrg,jarang 
jrng,jarang 
jt,juta
jua,juga
jugaa,juga
jugaaa,juga
jugaaaaa,juga
jugak,juga
jumatberkah,jumat berkah
jumpe,jumpa
junibulanbungkarno,juni bulan bung karno
jurnalrisa,jurnal risa
jwab,jawabnya
jwabnya,jawabnya
jwb,jawab 
jwb,jawab
jwban,jawaban
jwbn,jawaban 
jwbnnya,jawabannya
jwbny,jawabannya 
kaaaann,kan
kaaak,kak
kaaan,kan
kaaih,kasih
kabehsedulurkabehmakmur,kabeh sedulur kabeh makmur
kabuuuurrr,kabur
kacauu,kacau
kacian,kasihan
kaco,kacau
kadamg,kadang
kaga,kagak
kagak,tidak 
kagem,kagum
kai,oke
kaimana,bagaimana
kaka,kakak
kal,kalau
kalean,kalian
kalee,kali 
kaleyan,kalian
kalia,kalian
kaliannn,kalian
kaliannnnnnn,kalian
kaliqn,kalian
kaliya,kali ya
kalo,kalau 
kalo,kalau
kalu,kalau
kalyan,kalian
kam,kamu
kamarmandi,kamar mandi
kamarmandinya,kamar mandinya
kamfreett,kampret
kamh,kamu
kamplettt,kampret
kamprettt,kampret
kamsud,maksud 
kamun,kamu
kamuu,kamu
kamuuhhh,kamu
kamuuu,kamu
kamuuuu,kamu
kamuuuuuu,kamu
kamuuuuuuuuuu,kamu
kangenbali,kangen bali
kangennnn,kangen
kangentingting,kangen ting-ting
kangenya,kangennya
kann,kan
kanpus,kampus
kantenya,katanya
kanya,kan ya
kaos/mug/jaket, 
kapaaan,kapan
kapangemuk,kapan gemuk
kapanliburanlagi,kapan liburan lagi
kapanmarineeeeeeeeyaallah,kapan marinya ya allah
kapokgabisa,kapok enggak bisa
kapooook,kapok
karenasampahjakartabedasampahjerman,karena sampah jakarta beda sampah jerman
karna,karena 
karna,karena
karoke,karaoke 
karokean,karaokean
karywan,karyawan
kash,jasug
kasian,kasihan 
kasieun,kasihan
kasihh,kasih
kasihsayang,kasih sayang
kat,dekat
katakata,kata-kata
kate,kata
kau,kamu 
kau,kamu
kawalkreasi,kawal kreasi
kayak,mirip 
kayanya,kayaknya 
kaykanya,kayaknya
kberadabn,keberadaban
kbnykn,kebanyakan 
kbr,kabar 
kbt,kabupaten
kbtln,kebetulan 
kbykn,kebanyakan 
kcl,kecil
kdang,kadang
kdg,kadang 
kdg,kadang
kdng,kadang 
kdng,kadang
kdpn,ke depan
kea,kayak
keak,kayak
kebahagian,kebahagiaan
kebawa,terbawa 
kebengenan,kebegoan
kebo,kerbau
kebon,kebun
kecakepan,kecakapan 
kecatet,kecatat
keciiiil,kecil
kedengeran,kedengaran
keeengganan,keengganan
keenama,keenam
kegovlokan,kegoblokan
kehebatanya,kehebatannya
keinget,teringat
keingetnya,keingatnya
kejakarta,ke jakarta
kejer,kejar
kekanakkanakan,kekanak-kanakan
kekecawaan,kekecewaan
kekgitu,seperti itu
keknya,sepertinya 
keknyaa,kayaknya
kelaperan,kelaparan 
kelaperan,kelaparan
kelar,selesai 
kelen,kalian
keles,kali
keliatan,kelihatan 
keluargabaru,keluarga baru
keluwarga,keluarga
kemane,kemana
kemaren,kemarin 
kemaren,kemarin
kemarenan,kemarin
kemb,kembali
kemnpun,kemanapun
kemren,kemarin
kemudiam,kemudian
ken,kena
kenapah,kenapa
kenapasih,kenapa sih
kenape,kenapa 
kenape,kenapa
kenaps,kenapa
kenapz,kenapa
kenceng,kencang 
kenceng,kencang
kend,kendaraan
keookkk,keok
kepake,terpakai
kepanjangaaannnnnn,kepanjangan
kepapr,kepapar
kepda,kepada
kepedesan,kepedasan
kepemgen,kepengin
kepengen,ingin 
kepepettttt,kepepet
kepikiraan,kepikiran
kepngn,ingin 
kepo,ingin tahu
kepoooo,kepo
kereboot,kerebut
kerendem,kena rendam
kerikil,kerikil 
keringet,keringat
kerjan,kerja
kerjateruss,kerja terus
kerna,kena
kerruh,keruh
kesampean,kesampaian 
kesayanganqu,kesayanganku
kesedihannha,kesedihan
keseel,kesal
kesehatn,kesehatan
kesejahtetaan,kesejahteraan
kesel,kesal 
keseleocinta,keseleo cinta
kesian,kasihan 
kesiannnn,kasihan
kesini,ke sini
kesyel,kesal
ketakuan,ketakutan
ketangkep,ketangkap
ketawa,tertawa 
ketealuan,keterlaluan
ketelen,ketelan
ketemuuu,ketemu
ketidaksempurnaanmu,ketidak sempurnaanmu
ketiwi,ketawa
ketjewalah,kecewalah
ketrima,keterima
ketuker,tertukar
ketulungan,ketolongan
keubun,ke ubun
keujanan,kehujanan 
keukeuh,kekeh
keummatan,keumatan
keyen,keren
kga,tidak 
kga,kagak
kgak,tidak 
kgk,tidak 
kgn,kangen
khabar,kabar 
khabar,kabar
khan,kan 
khan,kan
khanmaen,kan main
khanz,kan
khidupn,kehidupan
khilap,khilaf
khsny,khususnya 
khusu,khusus
khusunya,khususnya
khwtr,khawatir 
kii,ki
kirakira,kira-kira
kirikanan,kiri kanan
kirimin,kirimkan 
kismin,miskin
kisminku,miskinku
kitaaaa,kita
kite,kita 
kite,kita
kiya,kita
kiyai,kiai
kjatuhan,kejatuhan
kk,kakak 
kk,kakak
kka,kakak
kl,kalau 
kl,kalau
klar,kelar
klau,kalau 
klau,kalau
klaupun,kalaupun
klean,kalian
klen,keren
klh,kalah 
kli,kali 
klian,kalian
kliatan,kelihatan
klmpk,kelompok 
klmpok,kelompok
klo,kalau 
klo,kalau
klopun,kalaupun
klp,kelompok 
kls,kelas 
kls,kelas
klu,kalau 
klu,kalau
kluar,keluar 
kluar,keluar
klw,kalau 
klw,kalau
km,kamu 
km,kamu
kmana,kemana
kmaren,kemarin 
kmarin,kemarin
kmbaliannya,kembaliannya
kmbli,kembali
kmd,kemudian
kmi,kami 
kmn,kemana 
kmn,kemana
kmna,kemana 
kmna,kemana
kmpret,kampret 
kmpret,kampret
kmps,kamus 
kmr,kamar 
kmr,kamar
kmren,kemarin 
kmren,kemarin
kmrin,kemarin 
kmrn,kemarin 
kmrn,kemarin
kmt,kamu itu
kmu,kamu 
kmu,kamu
kn,kan 
kna,kena 
knalan,kenalan
knapa,kenapa 
knapa,kenapa
kngdaniel,kang daniel
kngen,kangen 
knl,kenal 
knl,kenal
knp,kenapa 
knp,kenapa
knpa,kenapa 
knpa,kenapa
kntr,kantor 
kntr,kantor
knyng,kenyang 
koe,kau
kog,kok
kokas,kota kasablanka
komen,komentar
komplen,komplain
komuk,muka
konfrmasi,konfirmasi
konsekwensi,konsekuensi
konsen,konsentrasi 
koo,ko
kopiindonesia,kopi indonesia
kopyah,kopiah
koq,kok 
koq,kok
korya,korea
kosan,kost 
kosyoong,kosong
kowe,kamu 
kpala,kepala 
kpan,kapan 
kpan,kapan
kpd,kepada 
kpd,kepada
kpdmu,kepadamu
kpgn,ingin 
kpn,kapan 
kpn,kapan
kpngn,ingin 
kpribadian,kepribadian
kptusan,keputusan
kraton,keraton
krena,karena
krg,kurang 
krg,kurang
krikil,kerikil 
krja,kerja 
krja,kerja
krje,kerja
krmh,ke rumah
krn,karena 
krn,karena
krna,karena 
krna,karena
krng,kurang 
krts,kertas
krupuk,kerupuk 
krupuk,kerupuk
kruyukan,keruyukan
ksejahteraan,kesejahteraan
ksel,kesal
ksh,kasih 
ksh,kasih
ksi,kesal
ksian,kasihan 
ksih,kasih 
ksih,kasih
ksmptn,kesempatan 
ksn,kesana 
kt,kita 
kt,kata
kta,kita 
kta,kata
ktdrn,ketiduran 
kte,kata
ktemu,ketemu 
ktemu,ketemu
ktika,ketika
ktk,ketika
ktmpt,ke tempat
ktmu,ketemu 
ktmu,ketemu
ktmuan,ketemuan
ktny,katanya 
ktnya,katanya 
ktr,kantor 
ktrusan,keterusan
kuar,kuat
kuatir,khawatir
kucariin,aku cariin
kudu,harus
kudulukan,keduluan
kuhhh,ku
kulinerbanyuwangi,kuliner bayuwangi
kulinertradisional,kuliner tradisional
kulli,kuli
kulyah,kuliah
kumpuulllll,kumpul
kunti,kuntilanak
kuoat,kuat
kuomelin,ku omelin
kuq,kok
kurangggggggg,kurang
kuranglebih,kurang lebih
kurg,kurang
kusendri,kusendiri
kuuu,ku
kuy,ayo
kuy,ayuk
kw,kamu
kwan,kawan
ky,kayak
kya,kayak
kyai,kiai
kyak,seperti 
kyak,kayak
kyaknya,sepertinya 
kyanya,sepertinya 
kygt,kayak gitu
kyk,seperti 
kyk,kayak 
kyk,kayak
kykny,sepertinya 
kyknya,sepertinya 
kyknya,kayaknya
kyny,sepertinya 
kzl,kesal 
kzl,kesal
laaaa,lah
laaahhh,lah
laah,lah
laahh,lah
laeeen,lain
laen,lain 
laen,lain
laff,cinta
lagian,lagi 
lagidanlagi,lagi dan lagi
lagiii,lagi
lagiiihhh,lagi
laginseorg,lagi seorang
lahh,lah
lahhh,lah
lalau,lalu
lalma,lama
lalulintas,lalu lintas
laluny,lalunya
lam,salam
lamaaaaa,lama
lamalama,lama-lama
lancarr,lancar
langsng,langsung
langsu,langsung
langsunh,langsung
lansung,langsung
laparrrr,lapar
laper,lapar 
lariiiiiiii,lari
lawanhoax,lawan hoaks
lb,lembar 
lbh,lebih 
lbh,lebih
lbih,lebih 
lbih,lebih
lebay,lebai
lebi,lebih
leh,boleh
lek,jelek
lela,lelah
lelaahh,lelah 
lelahh,lelah
leleh,lele
lemes,lemas 
leptopku,laptopku
lernah,pernah
lg,lagi 
lg,lagi
lgi,lagi 
lgi,lagi
lgian,lagian
lgkp,lengkap 
lgs,langsung 
lgs,langsung
lgsg,langsung 
lgsg,langsung
lgsng,langsung 
lgsng,langsung
lgsung,langsung 
lgsung,langsung
lgunya,lagunya
lh,lah
lha,lah
lhaa,lah
lhaaah,lah
lhahhh,lah
lho,loh
lhoo,looh
lhooo,loh
liat,lihat
liatin,lihat 
liatin,lihatin
linimasa,lini masa
lipattttttttttttttttttttttttt,lipat
lipet,lipat
lm,lama 
lma,lama
lmyn,lumayan 
lncr,incar
lngkp,lengkap 
lngsg,langsung 
lngsng,langsung 
lngsng,langsung
lngsung,langsung 
lnjt,lanjut 
lnsg,langsung 
lnsng,langsung 
lo,kamu 
lo,kamu
loe,kamu 
loe,kamu
loe,lu
lohh,loh
lom,belum
loo,lu
looh,loh
looo,lu
loooo,lu
lov,cinta
love,cinta
low,kalau
lp,lupa
lpngn,lapangan 
lpr,lapar 
lptop,laptop
lsg,langsung 
lsg,langsung
lu,kamu 
lu,kamu
luarbiasa,luar biasa
luchu,lucu
lucua,lucu
lucuuuu,lucu
luh,lu
lum,belum
lun,belum
luthu,lucu
luu,lu
luuu,lu
luv,cinta
lvl,level 
lvl,level
lw,kamu
lw,lu
lwt,lewat 
lwt,lewat
lyk,layak
maaci,terima kasih
maacih,terima kasih
maafefekstress,maaf efek stres
maap,maaf
maapin,maafin
maapkan,maafkan
maav,maaf
mabar,main bareng
mabfaat,manfaat
macamana,bagaimana
macem,macam
madiunnn,madiun
madjid,masjid
maen,main 
maen,main
mager,malas bergerak
mager,malas gerak
maghrib,magrib
mahabenar,maha benar
mahluk,makhluk
majelisnuruddin,majelis nuruddin
majlis,majelis
makaci,terima kasih
makana,karena itu
makanqu,makanku
makasi,terima kasih
makasihhh,terima kasih
make,pakai 
make,pakai
maklumlahyo,maklumlah ya
makmak,emak-emak
makn,makan 
maksa,paksa
maksain,paksain
maksd,maksud
malak,palak
malem,malam 
malem,malam
malem2,malam-malam 
malemnya,malamnya
malesan,malasan
malese,malas
malingnye,malingnya
malming,malam minggu
maloo,malu
mals,malas
mamah,mama 
mamake,mama
mamam,makan 
mambah,mbah
mamih,mama
mamma,mama
mampet,mampat 
manaaaaaaa,mana
manasin,panasin
mandang,pandang
mane,mana 
maneh,mana 
mangat,semangat
manggil,panggil 
manggilnya,panggilnya
mangkanya,makanya
manjaahh,manja
manjah,manja
manjahhh,manja
manjat,panjat
mano,mana 
mansyarakat,masyarakat
mantab,mantap
mantengin,lihatin
mantep,mantap 
mantep,mantap
mantul,mantap betul
manusai,manusia
manusyaaa,manusia
mao,mau
mapin,maafin
marenmaren,kemarin-kemarin
maritertiblantas,mari tertib berlalu lintas
markirin,parkirin
masaaaaaa,masa
masakecilkuasik,masa kecilku asik
masakin,masakan 
masala,masalah
masalalu,masa lalu
masasih,terima kasih
masha,masa
mashaallah,masyaallah
masihh,masih
masrakat,masyarakat
mastiin,pastiin
masy,masih
masyrakt,masyarakat
mataa,mata
matahin,patahin
matap,mantap
matek,matematika
mateng,matang 
mateng,matang
matengnya,matangnya
matung,mematung
maukerja,mau kerja
mauu,mau
maw,mau
mayan,lumayan
mayanlah,lumayanlah
mb,mbak
mba,mbak
mbaaaak,mbak
mbaak,mbak
mbabat,membabat
mbacang,membacang
mbacot,bacot
mbake,mbak
mbalang,membalang
mbales,membalas
mbangun,membangun
mbanya,mbaknya
mbaq,mbak
mbatin,membatin
mberi,memberi
mbk,mbak
mbl,mobil
mbokya,mboknya
mbuh,sembuh
mbuhhhhh,sembuh
mbungkam,membungkam
mcm,macam 
mct,macet 
mdg,lebih baik
mdgn,baikan 
mdh,mudah 
mdpt,mendapat 
mdpt,mendapat
mdptkan,mendapatkan
mdukung,mendukung
mecucu,melucu
medsos,media sosial
medsosku,media sosialku
megang,pegang
megangin,pegangin
meleeekk,melek
melirikm,melirikmu
melomponggggg,melompong
melototin,pelototin
melulu,selalu 
memahamidan,memahami dan
memaksamh,memaksa
memamg,memang
memank,memang
memberantaskemiskinan,memberantas kemiskinan
membuatkuh,membuatku
memcintai,mencintai
memilhmu,memilihmu
memohin,memohon
memparalat,memperalat
mempunyiai,mempunyai
memutarbalikan,memutarbalikkan
mena,semena-mena
menarique,menarik
menbayar,membayar
mendem,mendam
mendengarkanya,mendengarkannya
mendingan,lebih baik
mendoakaan,mendoakan
menengankan,menegangkan
mengarungmurat,mengarung murat
mengatahui,mengetahui
mengedepankn,mengedepankan
mengerjar,mengejar
mengerutka,mengerutkan
mengganggap,menganggap
menggunakn,menggunakan
menginginkanya,menginginkannya
mengistirhatkan,mengistirahatkan
mengobankan,mengorbankan
meninngal,meninggal
meniqaaa,menikah
menjalank,menjalankan
menjauhdarijanji,menjauh dari janji
menjombs,menjomblo
menrut,menurut
mensyennya,pesannya
mentabnya,mantabnya
mentingin,pentingin
menuangkanya,menuangkannya
menurutguesih,menurut gue sih
menurutkusih,menurutku sih
menurutkuuu,menurutku
menyatyakan,menyatakan
menye,menye-menye
menyempurnakan, 
meperkeruh,memperkeruh
mereke,mereka
merenggunt,merenggut
merhatiin,memperhatikan 
merhatiin,perhatiin
meriksa,periksa
merjuangin,perjuangin
mesan,pesan
mesen,pesan 
mesen,pesan
met,selamat
mgkin,mungkin
mgkn,mungkin 
mgkn,mungkin
mgomel,ngomel
mhn,mohon
mhs,mahasiswa 
mhs,mahasiswa
mhsw,mahasiswa 
mi,ma
miapa,demi apa
miapah,demi apa
mijet,pijat
mikil,mikir
mikirin,memikirkan 
mikirin,memikirkan
mikirkan,pikirkan
mikirlah,pikirlah
mikirnya,pikirnya
milih,pilih 
milih,pilih
milyar,miliar
mimin,admin
mindahin,pindahin
mingkem,diam
minjem,pinjam 
minjem,pinjam
mint,minta
mintak,minta
misal'a,misalnya
misqin,miskin
mjd,menjadi
mjlnkn,menjalankan
mk,maka 
mk,maka
mka,maka 
mka,maka
mkan,makan 
mkanan,makanan 
mkanya,makanya 
mkanya,makanya
mkasih,terima kasih
mkin,makin
mkn,makan 
mkn,makan
mknan,makanan 
mkny,maka itu
mknya,makanya
mks,terima kasih
mksd,maksud 
mksdny,maksudnya 
mksdnya,maksudnya 
mksdnya,maksudnya
mksdq,maksudku 
mksh,terima kasih
mksih,terima kasih
mlah,malah 
mlakukn,melakukan
mlangkah,melangkah
mlaran,melarang
mlewati,melewati
mlht,melihat
mlkkukan,melakukan
mlkukan,melakukan
mlm,malam 
mlm,malam
mls,malas 
mls,malas
mlz,malas
mmbalas,membalas
mmbawa,membawa
mmbela,membela
mmberi,memberi
mmbuat,membuat
mmbukit,membukit
mmbyr,membayar
mmg,memang 
mmg,memang
mminta,meminta
mmng,memang
mn,mana 
mn,mana
mna,mana 
mndapatkan,mendapatkan
mndg,lebih baik
mndg,mending
mndgn,lebih baik
mndgr,mendengar 
mndi,mandi 
mnding,lebih baik
mnding,mending
mndoakan,mendoakan
mndpt,mendapat
mndptkn,mendapatkan 
mnerima,menerima
mnerus,menerus
mng,menang 
mng,menang
mngatakn,mengatakan
mngcap,mengcap
mnghadirin,menghadiri
mngkin,mungkin
mngrti,mengerti
mnguntungkan,menguntungkan
mnjadi,menjadi
mnjd,menjadi
mnjdi,menjadi
mnjelaskannya,menjelaskannya
mnlpon,menelepon
mnm,minum
mnritas,minoritas
mnrt,menurut 
mnsempurnakan, 
mnt,minta 
mnta,minta 
mnta,minta
mntp,mantap 
mnum,minum 
mnyakitiku,menyakitiku 
mnyambut,menyambut
mnyngkn,menyenangkan 
mo,mau 
mo,mau
mobilny,mobilnya
moga,semoga 
mohn,mohon
mohonantri,mohon antri
mohonditindaklanjut,mohon ditindaklanjuti
mokasih,terima kasih
molo,mulu
monangis,mau nangis
mosok,masa 
mosok,masa
moter,putar
motong,potong
motret,potret
mpe,sampai
mrasa,merasa
mreka,mereka 
mreka,mereka
mrh,marah 
mrk,mereka 
mrk,mereka
mrnghadapi,menghadapi
mrnghinamu,menghinamu
mrpakan,merupakan
mrtabak,martabak
ms,mas 
msalah,masalah
msg,masing 
msh,masih 
msh,masih
msih,masih 
msih,masih
msk,masuk 
msk,masuk
mski,meski 
mski,meski
mskipun,meskipun 
mskn,masakan 
msl,misal 
mslh,masalah 
mslh,masalah
msti,harus 
msuk,masuk
mtk,matematika
muacet,macet
muas,puas
mudahhan,mudahan
mudh,mudah
mudikbarengguyubrukun,mudik bareng guyubrukun
muga,moga
mukacapek,muka capek
mukaknya,mukanya
mukalo,muka lu
muke,muka 
muke,muka
mulei,mulai
mulu,terus 
muluu,mulu
musti,harus 
musti,mesti
mustinya,mestinya
mustopa,mustofa
muterin,puterin
mutusin,putusin
muup,maaf
mu'uv,maaf
mw,mau 
mw,mau
mz,mas 
na,nah
naaaah,nah
naaah,nah
naaahhhh,nah
nabrak,tabrak
nabung,tabung 
naek,naik 
naek,naik
nagih,tagih
nahan,tahan 
nahan,tahan
nahh,nah
najiiiis,najisin
najisssin,najisin
najong,najis
nak,anak
nakutin,takutin
namany,namanya
nambah,tambah 
name,nama
nampakin,tampakin
nampaknya,tampaknya
nampar,tampar
nampilin,tampilin
nampung,tampung
nancep,tancap
nandingin,tandingin
nanganin,tanganin
nanggepin,tanggepin
nanggung,tanggung
nangisin,tangisin
nangispojok,nangis pojok
nangkep,tangkep
nant,nanti
nanya,tanya 
nanya,tanya
nanyain,tanyain
nanyaserius,tanya serius
napa,kenapa 
napa,kenapa
napas,nafas 
nape,kenapa 
naq,anak
nari,tari
naro,taruh
naroh,taruh
naruh,taruh
nasgor,nasi goreng
nasip,nasib
nax,anak
nayangin,tayangin
nci,encik
ncip,cicip
nda,tidak
ndada,mendadak
ndaftar,mendaftar
ndak,tidak
ndakk,tidak
ndalem,mendalam
ndapapa,tidak apa-apa
ndax,tidak
ndiri,sendiri
ndk,tidak 
ndk,tidak
ndri,sendirian
ndul,gundul
nebas,tebas
neg,enek
negiri,negeri
negri,negeri 
negri,negeri
negur,tegur
nekan,tekan
nekatbuat,nekat buat
nelen,telan 
nelfon,telfon
neliti,teliti
nelp,nelpon
nelpn,telepon
nelpon,telepon
nembak,tembak
nemenin,menemani 
nemenin,temanin
nempatin,tempatin
nempel,tempel
nemplok,templok
nemu,temu 
nemu,temu
nemuin,temuin
nenangin,tenangin
nengok,tengok 
nengok,tengok
nengokin,tengokin
nenteng,tenteng
nerima,terima
nerimain,terimain
nerimo,terima
nerusin,terusin
nescaya,niscaya
netesin,tetesin
netijen,netizen
netijennya,netizennya
nga,tidak
ngaaap,pengap
ngabisin,habisin
ngabungin,menggabungkan
ngadain,mengadakan 
ngadain,mengadakan
ngadepin,hadapin
ngadoh,ngadu
ngajak,mengajak 
ngajak,mengajak
ngajak,ajak
ngajar,ajar 
ngak,tidak 
ngak,enggak
ngakak,terbahak-bahak 
ngalamain,ngelamain
ngalami,mengalami
ngalamin,alamin
ngamau,enggak mau
ngambek,marah 
ngambil,ambil 
ngambil,ambil
ngampung,kampung
ngancem,mengancam
ngandelin,andalin
ngangenin,kangenin
ngangep,anggap
nganggep,anggap
nganggepnya,anggapnya
ngangkat,mengangkat
nganter,antar 
nganter,ngantar
nganterin,antar 
nganterin,anterin
ngantukk,ngantuk
ngapa,kenapa
ngapah,kenapa
ngaplok,caplok
ngapus,hapus
ngaqaq,ngakak
ngarep,mengharap 
ngarep,harap
ngarepinnya,mengharapkannya 
ngarti,ngerti
ngasi,kasih 
ngasi,kasih
ngasih,kasih 
ngasih,kasih
ngasitau,kasih tau
ngata,kata
ngatasin,atasin
ngatur,mengatur
ngayalbabu,ngayal babu
ngbrol,ngobrol
ngebantuin,bantuin
ngebekas,membekas
ngeblurrr,ngeblur
ngebunuh,membunuh
ngecewain,kecewain
ngecilin,kecilin
ngedeteksi,mendeteksi
ngedip,kedip
ngeetiin,ngertiin
ngefek,efek
ngegemesin,ngegemasin
ngegosip,gosip 
ngeh,engah
ngehadepin,menghadapi 
ngehadepin,menghadapin
ngeharep,mengaharap
ngehargai,menghargai
ngehubingin,menghubungi
ngejabat,menjabat
ngejar,kejar
ngejawab,menjawab
ngejemput,menjemput
ngejer,kejar
ngekek,ngakak
ngeklaim,mengklaim
ngeladeni,meladeni
ngelakuin,melakukan
ngelatih,melatih
ngelebihin,melebihi
ngelempar,melempar
ngelepas,melepas
ngeliat,melihat
ngeliatin,melihat 
ngeliatnya,melihatnya
ngelihat,melihat
ngelola,kelola
ngelu,ngeluh
ngeluarin,keluarin
ngeluh,keluh 
ngeluh,keluh
ngeluhin,keluhin
ngelus,elus
ngemil,mencamil
ngena,kena
ngenalin,kenalin
ngerangkul,merangkul
ngerasa,merasa 
ngerasa,merasa
ngerasain,merasakan 
ngerasain,merasakan
ngerekam,merekam
ngerespon,merespon
ngerilis,merilis
ngerintis,merintis
ngerjain,mengerjakan 
ngerjain,mengerjakan
ngerokok,merokok 
ngerokok,merokok
ngerombak,merombak
ngerubah,mengubah
ngerusak,merusak
ngetat,ketat
ngetawain,ketawain
ngetik,ketik 
ngetuk,ketuk
ngga,tidak 
ngga,tidak
ngga,enggak
nggada,enggak ada
nggak,tidak 
nggak,tidak
nggak,enggak
ngganjel,mengganjel
nggarap,menggarap
nggax,tidak
nggenah,kena
nggesek,menggesek
nggk,tidak 
nggk,enggak
nggosok,menggosok
nghina,menghina
ngibrit,lari
ngibul,berbohong
ngidam,idam 
ngidolain,mengidolain
ngiket,ikat
ngikut,ikut
ngikutin,ikuti 
ngikutin,ikutin
ngilang,hilang
ngilangin,menghilangkan 
ngilangin,hilangin
ngimpiin,mimpiin
ngin,ingin
ngincer,incer
ngindarin,hindarin
nginep,menginap 
nginep,nginap
ngingetin,mengingatkan 
ngingetin,ingatin
nginjek,injak
ngira,kira
ngiri,iri
ngisinya,isinya
ngitung,hitung
ngjk,mengajak 
ngk,tidak 
ngk,enggak
nglakuin,ngelakuin
ngliat,melihat
ngliatin,ngeliatin
ngmbl,mengambil 
ngmg,omong 
ngmg,ngomong
ngmng,berbicara 
ngmng,ngomong
ngmpl,berkumpul 
ngmps,ke kampus
ngntk,mengantuk 
ngntr,ke kantor
ngobatin,obati 
ngobrol,bicara 
ngoce,ngoceh
ngoceh,mengoceh
ngode,mengkode
ngomentarin,komentarin
ngomogin,ngomongin
ngomong,bicara 
ngomongin,membicarakan 
ngontrol,kontrol
ngoreksi,koreksi
ngotak,otak
ngpain,ngapain
ngrampok,merampok
ngrasa,merasa
ngrasain,merasakan 
ngrasain,merasain
ngrengek,merengek
ngrti,ngerti
ngtap,netap
ngubah,ubah
ngucapin,ucapin
ngukir,ukir
ngumumin,umumin
ngundang,undang
ngundurin,mengundurkan 
ngungkapin,ungkapin
ngungkapinnya,ungkapinnya
ngunjungin,mengunjungi
ngunyah,kunyah 
ngunyah,kunyah
ngurang,kurang
ngurangin,kurangin
ngurung,kurung
ngurus,urus 
ngurus,urus
ngurusin,urusin
ngusir,mengusir
ngusung,mengusung
ngusut,usut
ngutang,hutang
ni,ini 
ni,nih
nicch,nih
nich,ini
nihh,nih
nihhh,nih
nihya,nih ya
nii,nih
nimbeung,nimbrung
nimbulin,timbulin
nimbun,timbun
ninggalin,tinggalkan 
ninggalin,tinggalin
nipu,tipu
nipunya,tipunya
niqab,nikab
niru,tiru
niruin,tiruin
nitijen,netizen
nitip,titip
njing,anjing
njir,anjir
njirrr,anjir
njlimet,menjelimet
nlpon,telpon
nmanya,namanya
nmbh,tambah 
nmny,namanya 
nmpk,nampak 
nmpk,nampak
nmr,nomor 
nnt,nanti
nnti,nanti 
nnti,nanti
nntn,nonton 
nntn,menonton
nntn,tonton
nnton,nonton 
nnton,nonton
nnya,tanya
nodong,todong
noh,tuh
nolak,tolak 
nolongin,tolongin
nomer,nomor
nomernya,nomornya
nonjok,tonjok
nontonin,tontonin
nontonnya,tontonnya
nontonya,nontonnya
notif,notifikasi
nraktir,traktir 
ntah,entah 
ntah,entah
ntap,mantap
ntappp,mantap
ntaps,mantap
ntar,nanti 
ntar,nanti
ntarkan,entarkan
nte,anda
nti,nanti 
nti,nanti
ntn,nonton 
ntn,menonton
ntn,nonton
nton,nonton 
ntr,nanti 
ntr,entar
ntu,itu 
ntu,itu
ntuk,untuk
ntut,nuntut
nularin,tularin
nulisnya,tulisnya
numbuh,tumbuh
numbuhin,tumbuhin
nunggu,tunggu
nungguin,tunggu 
nungguin,tunggu
nungu,nunggu
nunjuk,tunjuk
nunjukin,tunjukin
nunjukkin,tunjukkin
nuntut,tuntut
nurunin,turunin
nurunun,turunin
nurut,turut
nurutin,turutin
nusuk,tusuk
nutup,tutup
nutupin,tutupin
ny,nya
nyaa,nya
nyaaa,nya
nyabutnya,cabutnya
nyadar,sadar
nyakiti,menyakiti 
nyakitin,menyakiti 
nyakitin,sakitin
nyalahkan,menyalahkan
nyalain,nyalakan 
nyalain,nyalakan
nyaleg,nyalon legislatif
nyalurin,salurin
nyama,sama
nyamber,sambar
nyampe,sampai 
nyampein,sampain
nyampenya,sampainya
nyamperin,samperin
nyangka,sangka 
nyangka,sangka
nyantai,santai 
nyantai,santai
nyante,santai
nyantol,menempel
nyapa,sapa
nyapanya,sapanya
nyaplok,caplok
nyari,cari 
nyari,cari
nyariin,cariin
nyaring,saring
nyarinya,carinya
nyawer,menyawer
nye,nya
nyebarang,menyeberang
nyebayangin,membayangi
nyebelin,menyebalkan 
nyeberang,menyeberang
nyebutin,sebutin
nyediain,sediain
nyekolahin,sekolahin
nyelip,selip
nyembunyiin,sembunyiin
nyemburuin,cemburuin
nyenengin,senangin
nyengat,sengat
nyenggol,senggol
nyentuh,sentuh
nyepam,spam
nyepelein,sepelein
nyeremin,menyeramkan 
nyeritain,ceritain
nyesek,sesak 
nyesek,sesak
nyesel,menyesal 
nyesel,sesal
nyet,monyet
nyetarain,setarain
nyetel,setel 
nyetel,setel
nyetock,stok
nyetok,stok
nyetrika,setrika
nyiakan,menyiakan
nyiapin,siapin
nyicipin,cicipun
nyiksa,menyiksa 
nyimpeninnya,simpaninnya
nyindir,sindir
nying,anjing
nyinggung,menyinggung
nyita,sita
nyium,cium
nyoba,coba 
nyoba,coba
nyobain,coba 
nyobain,cobain
nyodorin,sodorin
nyokap,ibu
nyombongin,sombongin
nyruput,seruput
nyuci,cuci 
nyuci,cuci
nyukur,cukur 
nyumpahin,sumpahin
nyuruh,suruh 
nyusul,susul 
nyusul,susul
nyusut,menyusut
obayk,oh banyak
oc,oke
oce,oke
oeang,orang
oembingkaian,pembingkaian
oendidik,pendidik
oenuh,penuh
ohh,oh
ohiya,oh iya
oiya,oh iya
oiyaaa,oh iya
ok,oke
okay,oke
okedech,oke
okedeh,oke
okeh,baik 
okeh,oke
okesip,oke sip
okey,oke
oknuum,oknum
okok,oke
okz,oke
ol,online 
olh,oleh
omonganya,omongannya
ono,sono
ooalaah,oalah
ooh,oh
oom,om
ooo,oh
oramg,orang
oranglain,orang lain
orangyangkucintai,orang yang kucintai
orderada,order ada
org,orang 
org,orang
org2,orang-orang 
organo,organ
orglain,orang lain
orgnya,orangnya
ornah,pernah
orng,orang 
orng,orang
ortu,orangtua 
ortu,orangtua
ortunya,orangtuanya
otakny,otaknya
ouch,oh
ouh,oh
oun,pun
owh,oh
oy,oi
oya,oh ya
oyeeee,oke
paaaagi,pagi
paaak,pak
paak,pak
pacaranjamandulu,pacaran jaman dulu
pacarna,pacarnya
padaa,pada
padatkaryatunai,padat karya tunai
pade,pada
padhilah,padahal
pagingopi,pagi ngopi
paginy,paginya
pahamm,paham
pait,pahit 
pait,pahit
pakaianya,pakaiannya
pakarkomunikasi,pakar komunikasi
pakboss,pak bos
pakdhe,pak de
pakdheku,pakdeku
pake,pakai 
pake,pakai
pakean,pakaian
pakeannya,pakaiannya
pakek,pakai 
pakek,pakai
pakenya,pakainya
pakjokowi,pak jokowi
pakk,pak
pakta,fakta
pala,kepala
palagi,apa lagi
pangab,panglima abri
panoramacantik,panorama cantik
panpel,panitia pelaksana
pantangmunsur,pantang mundur
pantatcina,pantat cina
pantes,pantas
pantesan,pantas 
pantesan,pantasan
panutanq,panutanku
panutanqu,panutanku
pappa,papa
parcaya,percaya
parte,partai
pasr,pasar
pastimintanya,pasti mintanya
pasutri,pasangan suami istri
paz,pas
pcr,pacar 
pcrn,pacaran 
pcrny,pacarnya 
pd,pada 
pd,pada
pda,pada
pdahal,padahal 
pdahal,padahal
pdhal,padahal 
pdhal,padahal
pdhl,padahal 
pdhl,padahal
pdidikn,pendidikan
pdkt,pendekatan
pdku,padaku
pdli,peduli
pdnya,padanya
pecaattttt,pecat
pecun,pecundang
pedahal,padahal
pede,percaya diri
pedes,pedas 
pegi,pergi 
pekaa,peka
pekaitupenting,peka itu penting
pelalawan,perlawanan
peljaran,pelajaran
pemaf,pemaaf
pembisnismuda,pebisnis muda
pemirsyahhhh,pemirsa
pemperjelas,memperjelas
pemprove,pemerintah provinsi
penampilam,penampilan
pendem,pendam
pendiem,pendiam
penerusbangsa,penerus bangsa
pengalamam,pengalaman
pengem,pengin
pengen,ingin
penggunajalan,pengguna jalan
pengharhaan,penghargaan
penghianat,pengkhianat 
pengikutny,pengikutnya
pengin,ingin 
pengin,ingin
pengngangguran,pengangguran
pengobatanny,pengobatannya
pentiiiing,penting
penyalamatan,penyelamatan
penyambunglidahrakyatindonesia,penyambung lidah rakyat indonesia
perasaab,perasaan
perasaanqu,perasaanku
perasaanya,perasaannya
percakapn,percakapan
percoyo,percaya
perhtiin,perhatiin
peristirahatanya,peristirahatannya
perka,peka
perkembangn,perkembangan
permendikbud,peraturan kementrian pendidikan dan budaya
permisif,permisi
perna,pernah
pernh,pernah
persijaselamanya,persija selamanya
perusahaanlu,perusahaan lu
pesen,pesan 
pesentren,pesantren
pesonaramadan,pesona ramadan
petanikita,petani kita
petuahpuasa,petuah puasa
peuting,penting
pg,pergi 
pgen,ingin 
pgen,pengin
pgi,pagi
pgn,ingin 
pgn,ingin
pgnnya,penginnya
pilem,film 
pilihannye,pillihannya
pilkadadamai,pilkada damai
pingin,ingin 
pingin,ingin
pinginnya,penginnya
pinjem,pinjam 
pinter,pintar 
pinter,pintar
piso,pisau
pisonya,pisaunya
piye,bagaimana
pjbt,pejabat
pjg,panjang
pjlnn,perjalanan
pk,pakai
pkai,pakai 
pke,pakai 
pke,pakai
pkir,pikir
pkknya,pokoknya
pkl,pukul
pkr,pikir
pkt,paket
plaakkk,plak
plagiat,pelagiat
plesinden,presiden
plg,pulang 
plg,pulang
pling,paling
plis,tolong 
pljrn,pelajaran 
plng,pulang 
pmarahan,pemarah
pmbangunan,pembangunan
pmbhasan,pembahasan
pmlik,pemilik
pmpuan,perempuan 
pmrintah,pemerintah
pmrth,pemerintah
pnangkapan,penangkapan
pndh,pindah 
pngen,ingin 
pngen,pengin
pngn,ingin 
pngn,pengin
pnh,penuh
pnjng,panjang 
pntg,penting
pnting,penting 
pntng,penting 
pny,punya 
pny,punya
pnya,punya 
pnya,punya
pojoan,pojokan
pokonya,pokoknya 
polah,pola
politiksubjektif,politik subjektif
poto,foto
potonya,fotonya
praktek,praktik 
prasaan,perasaan 
prbuatan,perbuatan
predilat,predikat
preseden,presiden
president,presiden
presidenterhebat,presiden terhebat
prgi,pergi 
prgi,pergi
prilaku,perilaku
prjalanan,perjalanan
prjuangannya,perjuangannya
prlu,perlu
prmhn,perumahan 
prmptn,perempatan 
prnah,pernah 
prnah,pernah
prnh,pernah 
prnh,pernah
prof,profesor
profesyenel,profesional
propinsi,provinsi
prov,provinsi
prthnkn,pertahankan 
psen,pesan
psg,pasang 
psng,pasang 
psr,pasar 
psti,pasti 
psti,pasti
pstw,pasti
ptg,penting 
puisimalam,puisi malam
pulng,pulang
puluan,puluhan
pundaku,pundakku
puny,punya
punyagrup,punya grup
punye,punya 
punye,punya
pusink,pusing
puskesmes,puskesmas
puspendikbalitbang,pusat pendidikan badan penelitian dan pengembangan
puter,putar 
puter,putar
puterin,putar 
putro,putra
pzt,pasti
q,saya
qadar,kadar
qaqa,kakak
qerja,kerja
qhuda,kuda
qismin,miskin
qq,kakak
qt,kita 
qt,kita
qta,kita 
qu,aku
quat,kuat
quattttt,kuat
quota,kuota
quuu,ku
qyaraku,kiaraku
rabumenggebu,rabu menggebu
rada,agak 
rakyatindonesia,rakyat indonesia
ramadhan,ramadan
rame,ramai 
rame2,ramai-ramai 
rameinbola,ramein bola
rangorang,orang-orang
rapet,rapat
rasane,rasanya 
rasane,rasanya
rasax,rasa
rase,rasa
rassanya,rasanya
rb,ribu 
recehkanpssi,recehkan pssi
recehkansepakbola,recehkan sepakbola
regustrasi,registrasi
rek,rekan
rekomen,rekomendasi
rencna,rencana
renofasi,renovasi
republiksepeda,republik sepeda
rerata,rata
respek,hormat
rhia,ria
ribet,sulit
ribuuuut,ribut
rkyt,rakyat
rmah,rumah
rmbt,rambut 
rmh,rumah 
rmh,rumah
rmhq,rumahku 
rombongn,rombongan
rptra,ruang publik terpadu ramah anak
rsa,rasa
rsk,rusak 
rumuse,rumus
sabeb,bebas
sabi,bisa
sachetannya,sasetannya
sahurqu,sahurku
sahurrrr,saur
sahuuur,saur
sahuuuur,saur
sahuuuuur,saur
saia,saya
sajah,saja
sajakrindu,sajak rindu
saje,saja 
saki,sakit
sakid,sakit
salahsatunya,salah satunya
salamsatunyalilari,salam satu nyali lari
salfok,salah fokus
salman,salaman
salting,salah tingkah
saltum,salah kostum
samaa,sama
samanye,samanya
samasama,sama-sama
samasekali,sama sekali
samawaaa,sama
sambel,sambal 
same,sama
samo,sama 
samp,sampai
sampa,sampah
sampahkawa,sampah kawan
sampaikn,sampaikan
sampe,sampai
sampee,sampai
samsek,sama sekali
sanagat,sangat
sanah,sana
sangatsangat,sangat-sangat
sangkin,sangking
sans,santai 
santae,santai
sape,siapa 
sat,saat
sateny,satenya 
satuharisatubab,satu hari satu bab
satukomando,satu komando
say,saya
sayaa,saya
sayaaangg,sayang
sayaang,sayang
sayanganak,sayang anak
sayangg,sayang
sayanggg,sayang
sayanggggg,sayang
sayangkuh,sayangku
sayangkuuuu,sayangku
sayangkuuuuu,sayangku
sayngnya,sayangnya
sbab,sebab
sbagai,sebagai
sbagainya,sebagainya
sbaik,sebaik
sbelah,sebelah
sbelum,sebelum
sbenarnya,sebenarnya
sbesar,sebesar
sbg,sebagai 
sbg,sebagai
sbgai,sebagai
sbgmn,sebagaimana
sbl,sebelah 
sbl,seball
sblh,sebelah 
sblhny,sebelahnya 
sblm,sebelum 
sblm,sebelum
sblmny,sebelumnya 
sblmnya,sebelumnya
sblum,sebelum
sbnernya,sebenarnya
sbnr,sebenarnya 
sbnre,sebenarnya
sbnrny,sebenarnya 
sbnrnya,sebenarnya 
sbnrnya,sebenarnya
sbnt,sebentar 
sbntr,sebentar 
sbr,sabar 
sbrpa,seberapa
sbtr,sebentar 
sbtr,sebentar
sbuah,sebuah
scr,secara 
scr,secara
scra,secara
sdah,sudah 
sdah,sudah
sdg,sedang 
sdg,sedang
sdgkan,sedangkan
sdgkn,sedangkan 
sdh,sudah 
sdh,sudah
sdhkah,sudahkah
sdng,sedang 
sdngkn,sedangkan 
sdr,saudara
sdrhana,sederhana
sdri,sendiri
sebegimanapun,sebagaimanapun
sebel,kesal 
sebell,sebal
sebelll,sebal
sebenernya,sebenarnya 
sebenernya,sebenarnya
seble,sebal
seblm,sebelum
sebrangan,seberangan
sedeket,sedekat
sedi,sedih
sedihh,sedih
sedihrasanya,sedih rasanya
sediiiihhhh,sedih
sedikiiiit,sedikit
sedng,sedang
sedooooottt,sedot
seger,segar
segienam,segi enam
seh,sih
sehatterussayang,sehat terus sayang
sekale,sekali
sekaliii,sekali
sekaliiii,sekali
sekalikali,sekali-kali
sekdes,sekretariat desa
sekesel,kesal
sekitarkudus,sekitar kudus
sekjend,sekretariat jendral
seklai,sekali
sekohale,sekolah
sekola,sekolah 
sekoyaaah,sekolah
selamaaaat,selamat
selamaad,selamat
selamatpagi,selamat pagi
selaw,santai
selese,selesai
selo,sabar
selow,sebentar 
selow,santai
semacemnya,semacamnya
semagat,semangat
semalem,semalam 
semalu,malu
semangaaatttzzzsss,semangat
semangatindirisendiri,semangatin diri sendiri
semangatpuasa,semangat puasa
semangats,semangat
semangatt,semangat
semangattt,semangat
sembuhin,sembuhkan 
semenjak,sejak
seminarpanji,seminar panji
semngt,semangat
semogaa,semoga
sempena,sampai
sempet,sempat
semster,semester
semuaa,semua
semuaaaaa,semua
semuademibeas,semua demi bebas
semuah,semua
senak,enak
sency,senayan city
sendri,sendiri
senen,senin 
seneng,senang 
senenh,senang
sensara,sengsara
sensi,sensitif
seoran,seorang
sep,sip
sepakbola,sepak bola
sepiteng,sepotong
sepnjang,sepanjang
serahlau,serah lu
serem,seram 
seribuh,seribu
seriuscumatulisan,serius cuma tulisan
seriustanya,serius tanya
sertif,sertifikat
seruuu,seru
sesek,sesak
seseungguhnya,sesungguhnya
sesring,sesering
setaaan,setan
seterah,terserah 
setop,stop
setujuuuu,setuju
sexual,seksual
sgala,segala 
sgalanya,segalanya
sgini,segini 
sgitu,segitu 
sgla,segala
sgt,sangat 
sgt,segitu
sh,sih
shalattin,salatin
shanthaaay,santai
shap,siap
shaps,siap
shayy,sayang
shbt,sahabat 
shg,sehingga
shi,sih
shidup,sehidup
shiet,tahi 
shit,tahi 
sholat,salat
sholih,sholeh
shoolih,sholeh
shrsnya,seharusnya
siabg,siang
sianjiirrr,si anjir
sibangsat,si bangsat
siembok,si embok
sihat,sehat 
sihh,sih
sihhh,sih
sii,si
siiihh,sih
sik,asik
sikopatnya,psikopatnya
silaturrahmi,silaturahmi
simpenan,simpanan
sinh,sini
sirnas,sirna
sisasemalam,sisa semalam
situasyen,situasinya
sizzyharuskuat,sizzy harus kaut
sj,saja
sja,saja 
skali,sekali 
skali,sekali
skalian,sekalian 
skaligus,sekaligus
skarang,sekarang
skg,sekarang
skit,sakit 
skit,sakit
sklh,sekolah 
sklh,sekolah
skola,sekolah 
skolah,sekolah 
skr,sekarang 
skr,sekarang
skrang,sekarang 
skrang,sekarang
skrg,sekarang 
skrg,sekarang
skrgpun,sekarangpun
skripsibaper,skripsi bawa perasaan
skrng,sekarang 
skrng,sekarang
skt,sakit 
sktm,surat keterangan tidak mampu
slah,salah 
slain,selain
slalu,selalu 
slalu,selalu
slama,selama
slamanya,selamanya
slamat,selamat 
slesai,selesai 
slese,selesai
slg,saling 
slh,salah 
slh,salah
slhkan,salahkan
slhkn,salahkan 
sll,selalu
sllu,selalu 
slm,salam 
slma,selama
slmanya,selamanya
slmt,selamat 
slogan,selogan
sls,selesai 
slsi,selesai
sm,sama 
sm,sama
sma,sama
smaia,semua
smangat,semangat 
smbg,sambung 
smbh,sembuh 
smbhyg,sembahyang 
smbil,sambil 
smbil,sambil
smbl,sambil 
smbl,sambil
smbng,sambung 
smbrg,sembarang 
smbuh,sembuh 
smcm,semacam 
smentara,sementara
smg,semoga 
smg,semoga
smga,semoga 
smga,semoga
smgt,semangat 
smisal,semisal
smkin,semakin
smkn,semakin
smlm,semalam 
smlmn,semalaman 
smnggu,seminggu
smngt,semangat 
smngtt,semangat
smntr,sementara 
smoga,semoga 
smoga,semoga
smpai,sampai 
smpai,sampai
smpe,sampai 
smpe,sampai
smping,samping
smpt,sempat 
smpt,sempit
smsm,sama-sama
smtr,sementara
smua,semua 
smua,semua
smuanya,semuanya 
smuanya,semuanya
sna,sana
sndiri,sendiri 
sndiri,sendiri
sndirian,sendirian
sndr,sendiri
sndri,sendiri 
sndri,sendiri
sndrian,sendirian
sngad,sangat
sngat,sangat
sngt,sangat 
sngt,sangat
sni,sini 
snyum,senyum 
soale,soalnya 
soale,soalnya
soalny,soalnya
sobatkenthel,sobat kental
socmed,sosial media
sodap,sedap
sodara,saudara 
sodaraku,saudaraku
sodaraw,saudara
sokorr,sukur
soksokan,sok-sokan
solat,salat
sono,sana
sopo,siapa 
sorang,seorang 
sorga,surga
sory,maaf 
soshum,sosial hukum
sosmed,sosial media
sotoy,sok tau
specialll,spesial
spendapat,sependapat
sperti,seperti 
sperti,seperti
spertinya,sepertinya
spnjng,sepanjang 
sprt,seperti 
sprt,seperti
sprti,seperti
sprtny,sepertinya 
spt,seperti 
spt,seperti
sptinya,sepertinya
sptny,sepertinya 
spty,sepertinya
spy,supaya 
spy,supaya
srg,sering 
srikandiindung,srikandi indung
sring,sering
sruput,seruput
sseorg,seseorang 
ssuai,sesuai
st,situ
standaar,standar
statmat,statistik matematika
stelah,setelah 
stelah,setelah
stgh,setengah 
stiap,setiap 
stiap,setiap
stlh,setelah 
stlh,setelah
stngh,setengah 
stocknya,stoknya
stress,stres
struk,setruk
suabar,sabar
suamine,suaminya
suaminy,suaminya
suda,sudah
sudahh,sudah
sudh,sudah 
sudh,sudah
suga,suka
sugimasihada,sugi masih ada
sukaaa,sukai
sukaai,sukai
sukadeh,suka deh
sukak,suka
sukseskanasiangames,sukseskan asian games
sukseskanseagames,sukseskan sea games
sumpaah,sumpah
sumpahh,sumpah
sumpahya,sumpah ya
sumpe,sumpah
sumpeh,sumpah
supeerrr,super
surabayamacet,surabaya macet
surgaaaaa,surga
suryakencana,surya kencana
sy,saya 
sy,saya
sya,saya 
sya,saya
syaa,sayang
syabar,sabar
syah,sah
syang,sayang
syanggih,canggih
syantiek,cantik
syantik,cantik
syap,siap
syekaleh,sekali
syekaliii,sekali
syetan,setan
syg,sayang 
syg,sayang
sygku,sayangku 
sygny,sayangnya 
syipp,sip
syng,sayang 
syng,sayang
syngx,sayang sekali
syp,siapa
syudih,sudih
syukurillah,syukurilah
syukut,syukur
syurga,surga
tae,tai
taek,tai
taekkkk,tai
tahana,tahanan
tahayul,takhayul
tahyul,tahayul
tai,tahi 
taichangoreng,taichan goreng
taik,tahi
takkusangka,tidak ku sangka
takute,takutnya
takutt,takut
talambat,terlambat
tambahkn,tambahkan
tamvan,tampan
tandatangani,tanda tangani
tanggungja,tanggung aja
tangsel,tangerang selatan
tanyajawab,tanya jawab
taon,tahun
tapigakdalamdalambanget,tapi enggal dalam - dalam banget
tapiii,tapi
tapiiiiiiiiiii,tapi
tar,entar
tau,tahu 
tau,tahu
tauk,tahu
tauk,tau
taun,taun
taunya,tahunya 
tauuuuuuuu,tau
tb,tiba
tbtb,tiba-tiba
td,tadu 
td,tadi
tdak,tidak
tdi,tadi 
tdk,tidak 
tdk,tidak
tdny,tadinya 
tdr,tidur 
tdr,tidur
tdur,tidur 
teakhir,terakhir
tedalam,terdalam
teejun,terjun
tegaklurus,tegak lurus
teguuhh,teguh
telfon,telepon
telor,telur 
telp,telepon
telpnya,teleponnya
telpon,telepon 
telpon,telepon
temanantaraterfavorit,teman antar terfavorit
temanbukanpacarbukan,teman bukan pacar bukan
temankobong,teman kobong
temen,teman 
temen2,teman-teman 
temenan,temanan
temenin,temani 
temennya,temannya
tementemen,teman-teman
temenya,temannya
tenag,tenang
tenggelem,tenggelam
terbege,terbego
terbenamtempat,terbenam tempat
terbhaiqq,terbaik
tercyduk,terciduk
teregisterasi,teregistrasi
terhadp,terhadap
terharuu,terharu
teriakk,teriak 
terimah,terima
terimakas,terima kasih
terimakasihnya,terima kasihnya
terjemahanbebas,terjemahan bebas
terkadangg,terkadang
terkahir,terakhir
terkdg,terkadang
terkhir,terakhir
termsk,termasuk
terooos,terus
teroos,terus
terooss,terus
teros,terus 
terrbakar,terbakar
tersangk,tersangka
teruss,terus
terussd,terus
terussss,terus
teruuuss,terus
terwujut,terwujud
teryata,ternyata
tetamu,bertamu
tetep,tetap 
tetep,tetap
tetiba,tiba-tiba
teus,terus
teuteup,tetap
teyus,terus
teyuss,terus
tgannya,tangannya 
tgg,tanggung
tggl,tinggal
tggu,tunggu 
tgh,tengah 
tgh,tengah
tgjawab,tanggung jawab
tgjwb,tanggung jawab
tgl,tanggal 
tgl,tanggal
tgn,tangan 
tgok,tengokin
tgs,tugas 
tgs,tugas
th,tahu
thae,tai
thd,terhadap 
thdp,terhadap 
thdp,terhadap
thks,terima kasih
thn,tahun 
thn,tahun
thnx,terima kasih
thun,tahun
thx,terima kasih
tibatiba,tiba-tiba
tibatibacinta,tiba-tiba cinta
tibatibakangensuami,tiba-tiba kangen suami
tida,tidak 
tida,tidak
tidap,tidak
tidaq,tidak
tidor,tidur
tiduk,tidak
timnasindonesia,tim nasional indonesia
timpedulitimka,tim peduli timka
timses,tim sukses
ting,tinggal
tinggalkn,tinggalkan
tipi,tv 
tipi,televisi
tipi,tv
tipssore,tip sore
tissue,tisu
tivi,tv
tj,tidak jelas
tjadi,terjadi
tkt,takut
tkut,tsayat 
tlah,telah
tlg,tolong 
tlg,tolong
tlh,telah 
tlng,tolong 
tlp,telepon 
tlp,telepon
tlpn,telepon 
tlvn,telepon
tmanku,temanku
tmbah,tambah 
tmbah,tambah
tmbh,tambah 
tmbh,tambah
tmen,teman 
tmen,teman
tmennya,temannya
tmksh,terima kasih
tmn,teman 
tmn,teman
tmnku,temanku
tmnnya,temannya
tmpat,tempat 
tmpt,tempat 
tmptnya,tempatnya
tmsk,termasuk 
tmuan,temuan
tnggl,tinggi
tngh,tengah
tnp,tanpa 
tnp,tanpa
tnpa,tanpa 
tnpa,tanpa
tntangan,tantangan
tntng,tentang
tny,ternyata 
tnya,tanya 
tnya,tanya
tnyt,ternyata 
tolakhoax,tolak hoaks
tolloll,tolol
tolonf,tolong
tolonh,tolong
tongtong,tong-tong
tooosssssssss,tos
tp,tapi 
tp,tapi
tpi,tapi 
tpi,tetapi
tpikan,tapikan
tpnya,tapinya
tppijatim,tppi jawa timur
tppilumajang,tppi lumajang
tps,tipis
tq,terima kasih
transj,transjakarta
trbaik,terbaik
trbatas,terbatas
trbesar,terbesar
trdahulu,terdahulu
trdpt,terdapat 
tres,stress
trf,tarif
trgntng,tergantung 
trhdap,terhadap
trima,terima
trimakasih,terima kasih
trimaksih,terima kasih
trimksh,terima kasih
trims,terima kasih
trimz,terima kasih
trjadi,terjadi 
trjadi,terjadi
trkdng,terkadang 
trkhr,terakhir 
trlalu,terlalu 
trm,terima
trmaksih,terima kasih
trmkah,terimakah
trmksh,terima kasih
trmsk,termasuk 
trnsfer,transfer
trnsfr,transfer 
trnyata,ternyata 
trnyata,ternyata
trnyt,ternyata 
trs,terus 
trs,terus
trsrah,terserah
trsrh,terserah 
trus,terus 
trus,terus
trusan,terusan
tsabbit,sabit
tsadeest,sadis
tsahhhh,sudah
tsb,tersebut 
tsb,tersebut
tsbt,tersebut 
ttd,tertenda
ttep,tetap 
ttep,tetap
ttg,tentang 
ttg,tetangga
ttglo,tentang lu
ttp,tetap 
ttp,tetap
tu,itu 
tu,itu
tuch,itu
tuh,itu
tuhannn,tuhan
tuhh,tuh
tuj,tuju
tuk,untuk
tukeran,tukar 
tulisandarilubuhhati,tulisan dari lubuk hati
tumben,tidak biasa
tuntassss,tuntas
tuu,itu
tw,tahu 
tw,tahu
twitt,twit
twt,twit
tyap,tiap
tyda,tidak
tydack,tidak
tytyd,titit
u,kamu
ubat,obat 
ucp,ucap
ud,sudah 
uda,sudah 
uda,sudah
udaaahh,sudah
udah,sudah 
udah,sudah
udahgituaja,sudah gitu saja
udahh,sudah
udahlah,sudahlah
udalaah,sudahlah
udd,sudah
udeh,sudah 
udeh,sudahlah
udh,sudah 
udh,sudah
udud,sudah 
uga,juga
uiy,ui
ujan,hujan
ujan2an,hujan-hujanan 
ujia,ujian
ujicoba,uji coba
ujug,ujung
ujungnua,ujungnya
ukurankecil,ukuran kecil
ularrr,ular
umayan,lumayan
ummat,umat
univ,universitas
univnya,universitasnya
unjukin,tunjukin
unt,untuk
untk,untuk 
untk,untuk
untukjatim,untuk jawa timur
untukumu,untukmu
untunge,untungnya
untungnyaaa,untungnya
upa,lupa
uprak,ujian praktik
usaisenja,usai senja
ush,usah
ust,ustad
utk,untuk 
utk,untuk
uwa,gue
uwe,gue
vanashh,panas
vedevah,bedebah
vemirsyahh,pemirsa
vid,video
videoklip,video klip
von,telepon
vs,versus
w,saya
w,gue
wa,saya
waaaah,wah
waaah,wahh
waah,waj
wad,buat
waduh,aduh 
waduuuh,aduh
wae,aja
wagelaseh,wah gila sih
wahhh,wah
wajhah,wajah
waketum,wakil ketua umum
walo,walau
walopun,walaupun
wanjir,anjir 
warbiyasak,luar biasa
warkop,warung kopi
warunglya,warung iya
waspadamerapi,waspada merapi
waswas,was-was
wat,buat
wehh,woi
wes,iya
westerima,diterima
wey,woi
wheeewww,wow
wht,apa 
wklnya,wakilnya
wkt,waktu 
wkt,waktu
wktu,waktu 
wktu,waktu
wlopun,walaupun
wlpun,walaupun
wlupun,walaupun
woah,wah
woee,woi
woii,woi
woiii,woi
woww,wow
wowwww,wow
woy,woi
woyy,woi
wsrga,warga
wwnang,wewenang
xberani,berani
xboleh,boleh
xkn,kalikan
yaa,ya
yaaa,ya
yaaaa,ya
yaaaaa,ya
yaaaah,yah
yaak,ya
yaakkk,ya
yaallah,ya allah
yaampon,ya ampun
yaampun,ya ampun
yaampunnnn,ya ampun
yaampuuuuuunnn,ya ampun
yaasudahlah,ya sudahlah
yabg,yang
yach,yah
yaelahh,ya elah
yagimanayak,ya gimana ya
yagitu,ya begitu
yahh,yah
yahhh,yah
yailah,ya ilah
yaini,ya ini
yak,ya
yakaan,ya kan
yakali,ya kali
yakan,iya kan
yakk,ya
yaks,ya ilah
yallah,ya allah
yaman,nyaman
yamana,ya mana
yamg,yang
yampun,ya ampun
yamungkin,ya mungkin
yanga,yang
yank,sayang 
yank,sayang
yaow,ya
yap,ya
yaps,ya
yaqin,yakin
yasama,ya sama
yasudah,ya sudah
yatuhan,ya tuhan
yauda,ya sudah
yaudah,ya sudah
yaudahh,ya sudah
yaudahlah,ya sudahlah
yaudh,ya sudah
yaw,ya
yawda,ya sudah
yawlaaaa,ya lah
yawlaaaaaa,iyalah
yayang,sayang
ybs,yang bersangkutan
ye,ya
yea,ya
yeaaaaay,yei
yeah,ya
yeay,yei
yeayy,yei
yee,ya
yeeeaaayyy,yei
yekan,iya kan
yela,yailah 
yelah,yailah 
yelyel,yel-yel
yey,yei
yg,yang 
yg,yang
ygdisebarkan,yang disebarkan
ygl,yang
yguda,yang sudah
ygvkrg,yang kurang
yha,yah
yhaa,yah
yhaaaa,yah
yng,yang 
yo,ya
yodah,ya sudah
yoi,iya
yowes,ya sudah
yth,yang terhormat
yup,ya 
yups,ya
yupz,ya
yuukkk,ayo
yuuuk,ayo
ywdh,ya sudah
yy,ya
zmn,zaman
